{"Зеленый овал":{"arc":{"r":10.675,"colors_s":1,"color":{"r":"86","g":"255","b":"73"}},"sph0":{"x0":427,"y0":427,"width":170.8,"x1":328,"y1":288,"s":"-0.1"},"sph1":{"x0":null,"y0":null,"width":85.4,"x1":279,"y1":218,"s":"-0.1"},"sph2":{"x0":null,"y0":null,"width":56.93333333333333,"x1":246,"y1":264,"s":"0.1"}},"Треугольные овалы":{"arc":{"r":10.675,"colors_s":1,"color":{"r":0,"g":0,"b":0}},"sph0":{"x0":427,"y0":427,"width":170.8,"x1":543,"y1":302,"s":"0.0955"},"sph1":{"x0":null,"y0":null,"width":85.4,"x1":617,"y1":260,"s":"0.0008"},"sph2":{"x0":null,"y0":null,"width":56.93333333333333,"x1":575,"y1":221,"s":"-0.0966"}},"Зефирка":{"arc":{"r":10.675,"colors_s":1,"color":{"r":0,"g":0,"b":0}},"sph0":{"x0":427,"y0":427,"width":170.8,"x1":598,"y1":422,"s":"0.0327"},"sph1":{"x0":null,"y0":null,"width":85.4,"x1":530,"y1":474,"s":"0.0706"},"sph2":{"x0":null,"y0":null,"width":56.93333333333333,"x1":587,"y1":474,"s":0}},"Стрела":{"arc":{"r":10.675,"colors_s":1,"color":{"r":0,"g":0,"b":0}},"sph0":{"x0":427,"y0":427,"width":170.8,"x1":405,"y1":258,"s":0.004842000000000318},"sph1":{"x0":null,"y0":null,"width":85.4,"x1":480,"y1":299,"s":-0.019368000000001273},"sph2":{"x0":null,"y0":null,"width":56.93333333333333,"x1":501,"y1":352,"s":0.01452599999999943}},"Крендель":{"arc":{"r":10.675,"colors_s":1,"color":{"r":0,"g":0,"b":0}},"sph0":{"x0":427,"y0":427,"width":170.8,"x1":270,"y1":494,"s":0.007827999999999741},"sph1":{"x0":null,"y0":null,"width":85.4,"x1":287,"y1":410,"s":-0.003913999999999871},"sph2":{"x0":null,"y0":null,"width":56.93333333333333,"x1":313,"y1":360,"s":0.0058710000000002215}},"Треугольная запутанность":{"arc":{"r":10.675,"colors_s":1,"color":{"r":0,"g":0,"b":0}},"sph0":{"x0":427,"y0":427,"width":170.8,"x1":585,"y1":491,"s":0.0012400000000000041},"sph1":{"x0":null,"y0":null,"width":85.4,"x1":647,"y1":432,"s":-0.0024800000000000082},"sph2":{"x0":null,"y0":null,"width":56.93333333333333,"x1":680,"y1":478,"s":0.0031000000000000073}},"Медитация":{"arc":{"r":10.675,"colors_s":1,"color":{"r":0,"g":0,"b":0}},"sph0":{"x0":427,"y0":427,"width":170.8,"x1":288,"y1":526,"s":0.0015899999999999656},"sph1":{"x0":null,"y0":null,"width":85.4,"x1":312,"y1":444,"s":-0.004770000000000075},"sph2":{"x0":null,"y0":null,"width":56.93333333333333,"x1":324,"y1":500,"s":0.012719999999999725}},"Кольцо - 6":{"arc":{"r":10.675,"colors_s":1,"color":{"r":0,"g":0,"b":0}},"sph0":{"x0":427,"y0":427,"width":170.8,"x1":449,"y1":258,"s":"-0.1"},"sph1":{"x0":null,"y0":null,"width":85.4,"x1":460,"y1":343,"s":"0.1"},"sph2":{"x0":null,"y0":null,"width":56.93333333333333,"x1":460,"y1":400,"s":"-0.017"}},"null":{"arc":{"r":10.675,"colors_s":1,"color":{"r":0,"g":0,"b":0}},"sph0":{"x0":427,"y0":427,"width":170.8,"x1":426,"y1":598,"s":0.008409000000000274},"sph1":{"x0":null,"y0":null,"width":85.4,"x1":425,"y1":513,"s":-0.008409000000000274},"sph2":{"x0":null,"y0":null,"width":56.93333333333333,"x1":426,"y1":456,"s":0.025226999999997758}}}